"Group name,""name"",""surname"",""ID"""
"Pirma,""John"",""Doe"",""123"""
"Pirma,""Jane"",""Smith"",""456"""
"Pirma,""Michael"",""Johnson"",""789"""
"Antra,""Robert"",""Williams"",""2468"""
"Antra,""Emily"",""Brown"",""1357"""
"Antra,""David"",""Taylor"",""5790"""
"Trecia,""Sarah"",""Davis"",""369"""
"Trecia,""Daniel"",""Miller"",""246"""
"Trecia,""Olivia"",""Anderson"",""357"""
"Trecia,""James"",""Wilson"",""468"""
"Ketvirta,""Sophia"",""Thomas"""
"Ketvirta,""Benjamin"",""Jackson"""
"Ketvirta,""Ava"",""White"",""357"""
"Ketvirta,""William"",""Harris"",""468"""
"Ketvirta,""Mia"",""Martin"",""579"""
"Ketvirta,""Alexander"",""Lee"",""680"""
"Penkta,""Charlotte"",""Clark"",""791"""
"Penkta,""Henry"",""Lewis"",""802"""
"Penkta,""Amelia"",""Walker"",""913"""
"Penkta,""Liam"",""Hall"",""1024"""
"Penkta,""Ella"",""Young"",""1135"""
"Penkta,""Daniel"",""Hill"",""1246"""
"Penkta,""Avery"",""Green"",""1357"""
